category,author,date,source,title,content,label
politics,Chef Imed Lakhdara,2025-10-31T20:10:15Z,https://youtu.be/osu2hw68a4I,خطير جدا : معلومتين في غاية الخطورة، هذا ما فعله شنقريحة,"سلام الاحرار على فقام الشعب الجزائري العظيم سلام الاحرار على كل حر فوق هاته المعموره مهما كان شكله مهما كان لونه مهما كانت لغته ومهما كان دينه المهم انه مع الحق ضد الباطل المهم انه مع المستضعفين ضد الظالمين اللهم اكتبنا دائما ضد الظالمين وضد الضغاه ولو تخطفتنا الضير ازول ولا نزول شدزول ان شاء الله خوتنا في السودان يبادون خوتنا في غزه يبادون ومن وراء هذا الامر هي الصهيونيه لكن الصهيونيه اليوم امتدت كما قالها المسيري رحمه الله عليه قاللك سياتي قوم متصهين يصلون معنا العشاء ويتكلمون لغتنا وسبحان الله احنا الجزائريين نعرف هذه النوعيه اللي هي احفاد الكولون اللي هما هاملين نفس الاسم نتاعنا يتكلموا لغتنا لكنهم مجرد مجرد مجرد عملاء او احفاد الكولون من يقتل في السودانيين اليوم هي الامارات امارات ابن زايد وعدم رؤيه انظمه خاصه النظام الجزائري لا يتكلم كلمه واحده وما يحاربش مباشره الامارات وهي فرصه هي فرصه لانه يجعل من العداوه هذه ويصعد منها ويقابل بها الامارات قبل ما توصل لينا لاني اعدها في ظل الحكم الشنقريحي تبوني الجزائر معرضه الى التقسيم بعد ما تقسم السودان وبعد ما يقتل شعبها الفيديو هذا مهم جدا لاني عندي فيه معلومتين نعطيهم لكم في الاخير رايحه تشيب لكم الرصانه نتاعكم رايحه تشيب لكم الرصان اعكم اسمعوني مليح للاخير من فضلكم اذا ابن زايد قاعد يقتل في المسلمين ابن زايد قاعد يعد وحنا اللي حاكمنا وهم يعرفون جيدا انه الامارات على الحدود كامله تاع الجزائر محيطه بها ولم يتحركوا هنا واش تعرف باللي نظام هذايا اللي حاكم الجزائر لا يستطيع حمايه الجزائر ضد دوي له نبدا بواحد الامر صرا البارح من عند سوريا الجديده سوريا الجديده البارح واستغربت كي شفت هذه المعلومه عن طريق السعوديه ودعم التركي اخيرا سوريا تعترف بالكوسوفو ما تفكركمش بحاجه هذ النظام الجزائري النظام البشاري والنظام الجزائري النظام الجزائري المسلم تعرفوه النظام الجزائري اللي حاكم الجزائر نظام بشار الاسد في زوج كانوا ما يستعرفوش بالكوسوفو سوريا الجديده تعترف بكوسوفو اللي ما يعرفش كوسوفو يروح يكتب المجازر اللي حصلت من طرف الصرب في الكوسوفو يروح يكتب ماذا فعلوا الصرب فيهم في المسلمين وتعرفوا فعلا انه النظام هذا من احب [ضحك] الاحباء اتاعه اليوم هما الصرب الصرب اللي اليوم هم من المعاونين الاوائل بعد امريكا والمانيا تلقى صربيا اللي تعاون في الكيان الصهيوني في قتل خوتنا في غزه هذه لازم نذكر بها ديما علاش لان هذا النظام اليوم راح ياخذ اكبر صفعه في التاريخ واللي هي صفعه الصحراء الغربيه اللي مازال يكذب على الناس ويقول لهم حق الناس في التقرير المصير وتقرير المصير تاع كوسوفو سوريا اعترفت به على بالكم علا اعترفت به سوريا لان سوريا راح تدخل في الدومين راح تعترف بلي الصحراء مغربيه انا نقولها لك من درك نزيد نسجيلكم من درك اذا هذا كاين زوج فيديوهات شفتهم وقسمو لي العقل نتاعي طربقوني ما قدرتش ما قدرتش يا خوتي وجعوني بزاف الفيديو الاول واحد الفرنساويه بعتوها تخدم في الجزائر تفرجوا تفرجوا salg pour le boulot dis c'est une expérience ça change radicalement de par c'est le moins qu'on puisse dire c'est mon deè jour et franchement c'est le ch le bruit incessant ça claxonne partout c'est l'anarchie j'ai appelé le siège à Paris à l'instant. Je démissionne de cette mission. Oui, après 48 he ça peut sembler fou mais cet endroit est juste invivable pour moi. Bon voilà, j'ai pris ma décision, c'est très rapide, je peux pas. C'est impossible pour moi de vivre. Ce matin, j'ai voulu prendre une douche avant le travail, pas d'eau. L'eau est coupée comme ça, sans prévenir. Comment voulez-vous vivre ? J'ai tenté de manger local hier soir. J'ai été malade toute la nuit. La nourriture est Non, vraiment, je peux pas. ‏L'hygiène ! Parlons-en. Il y a des déchets partout dans les rues. J'ai jamais vu une ville aussi sale. C'est choquant. Clairement, les conditions de vie de base n'existent pas ici pour moi. Je rentre, c'est décidé. C'est pas humain de rester dans cet environnement. توجع توجع انه بلاد ما الجزائر كيجي واحد مثلا يقول له انا رايحين تخدم رايح تخدم في الجزائر تولي عقوبه نذكر جيدا في 2012 في الجامعه كانت تقرا معيا الطفله ندير مع بعض في الدكتوراه قالتلي عماد عندي خويا يخدم مع الشركه الفلانيه راحين يبعتوهجزائر شركه كنديه في هذك كانوا يبنيوا في الكنديين كانوا يبنيوا في الجزائر كانوا حاكمين بعض المشاريع ايه قلت لها بيان شش الحاله قالت لي رواح تقدرش تجي تعشى عندنا قلت ليه شش خير ان شاء الله قلت لي ماي خايفه مرعوبه وقالتله ما تروحش ويقتلوك وتموت وكذايا وانا نقولها ويقرا معايا عماد وكذايا وجزائري والجزائر وكذا وتعرفوا يا جماعه واش غاضتني روحي ش غادتني روحي اني نهضر لكم هذ نهضر لكم عندها 12 سنه الحكايه هذه غاطتني غاطتني غاطتني رحت قلت لها ش بيك بكم تصدمت تصدمت تصدمت قالت لي علاه ما بعتوهش لدبي حتى يبعتوه للجزائر يا ولدي تعرفوا شفتوا ديك البكيه كي تحجر في عينك ها ما فعلا فعلا تحجرت البكيه في عيني ماقدرتش تخرج البكيه بصح قلبي بكى وتعرف ش معناتها هذه هذه هي اللقطه اللي تدي الكريز كاردياك هذه هي اللي دير لك لافيسي الجزائر يعتقد هذا اللي حاكمنا واللي يخرجوا يقولوا نحن قوه نحن كذا نحن كذا نحن كذا ويخرج الكذبون طرطول المراديه يقول لك الاستثمار او جاي الاستثمار الاستثمار راه مكفر في البيبان ويستنى غير نعطيوه احنايا لاخر é contrôlé pour ton numé c'est pour gaffe au retour ce que tu as filmé je t'ai dit évite les commissariat les casernes et tout ça pas je sais qu'ils ont numéro pour me frérot اخونا خونا بحسن نيه تما قاعد يقولله ما تصورش قاعد يقولله ما تصورش يهزوك شغل قاعد يقولله ما تصورش هنا فيسبوك يديوك تعليق في الفيسبوك يديوك وقالله هنا على المكسيك تما ماارف جت حشمه برك يقولله بير على كوريا الشماليه على فكره ماشي خونا هذا خونا عليه مسكين غلق ينصح في واحد جا ينصحه لكن هذه هي اللقطهط اللي تبكيت هذه هي اللقطات اللي تخليك فعلا تزيد تبقى تماضل ضد هذا النظام هذه هي اللقطات اللي تخليك ديما تخليك ديما ديما من الواجب نتاعك ومن الفرض عين انك تحارب هذا النظام وكل ما تحاربوش كون ما تحاربوش ست تكتب عند رب العالمين وعند الشعب الجزائري جبان هذا النظام قاعد يرمي في الجزائريين اللي هاربين بحلاله الروح روح من هذ المعيشه اللي الناس هربت منها رغم انه هذ الفرنسيه هذ الفرنسيه اللي شفتوها كيبعثوهم للجزائر يعطيوهم بريم عاليه على لي بريم اخرين كون يقولوا لهم كون يقولوا لهم مثلا تروحوا لدبي ما يحتاجش بريم بصح كيقولوا له تروح للجزائر بالنسبه ليه كيشغل بينيسيون شفتوا حنا كيقولوا لهم درك نراضيك نفكتيك الاضرار ونفيت نفكتيك لتندوف ونفيكتيك كذا شركه كبيره تبعث الناس للجزائر الناس تقبل تقابل الحوا التحويل نتاعهم بالطريقه اللي نحكي لكم فيها علاه لانه الناس قاعده تشوف الناس اللي هاربه المراه هذه في الجيا في الكابيتال يعطيوها امكانيات ضخمه يعطيوها امكانيات ضخمه كي تجي للجزائر يعني من المعيشه وتريقه المعيشه ما تهضرش على الصالير نعها عندها البريم اعها د دونجي كين حتى بريم دو ريسكا ك تروح للجزائر ويجي يكذبوني يقوللي استثمار وما استثمار استثمار استثمار وانتما تقتلوا في الناس الحراك في اخر الفيديو عندي رساله الان زوج معلومات خطيره وخطيره جدا وصلتني من عند واحد اول مره يتواصل معايا الفيديو نتاعي اللي حكيت لكم فيه السته تاع تبسه هذيك وكيفاش خرجوهم من المعتقلات اللي راهم حاطين فيها الكثير من اللي تخطفوا في التسعينات واللي تقريبا اصبحوا كلهم مجانين اصبحوا كلهم مجانين لانه تمارس عليهم بعض الطرق من التعذيب الرب اللي يعلم بها وحتى كافه الطرق للتخدير الدواوات بكل اللي محوسين يبعثوها للسوق الجزائريه باش يرهجوا الشباب الجزائري جربوها في هذوك مسكين عطاني معلومه خطيره وخطيره جدا وواحد لي ديطي مالازمش نحكيهم قال لي عماد شفت الفيديو نتاعك على هذك تاع السته تاع تبسه اللي قتلوهم في الاخر اول معلومه انه قال لي كاينين ما يقارب عماد 1200 حتى 1500 من المحسوبين انهم مف مفقودين في وقت الارهاب قال لهم مازالوا عايشين للدرك قال لهم محضرينهم الى الامور اللي ما هذه باش يخرجوا اوقتلنا ارهابي هنا وقتنا ارهابي هنا والاهم من ذلك اهم من ذلك انه يمارس عليهم كل انواع التعذيب سم لي ثلاث اماكن من اللي موجودين فيهم بصح استحلفني بالله اني ما نقولهمش علاش لاني قال لي المعلومه هذه القليله اللي يعرفها في اطار الدوله ويخافوا يوصلوا له نقولهاش الامر الثاني الاخوه واللي هو اخطر بكثير من هذه انه بدا ادماج القاده العسكريين الهاربين من سوريا والذين كانوا يعذبون في السوريين في سجون صيدانيه وفي سجون في معتقلات او المجازر ها اللي كانوا يكبسوا فيها كانوا يرحيو فيها السوريين ودخولهم ها باش يمدوا الخبره لجدد نتاع المخابرات كيف يعذبون البشر نقولها ونعاودها كل يوم يمر على الجزائر والجزائريين والحكم هذا حاكم فنحن فنحن نتجه الى الكارثه اذا باختصار في اسبوع واحد شنقريحه قاتل جزائريين هاربين فقدوا الامل انهم يلقاوا حياه كريمه في بلادهم قتلهم في عرض البحر عن طريق البحريه الارهابيه ادمج مجرمي حرب حسب كل القوانين العالميه واللي هما القاده العسكريين اللي هاربين من الحكم نتاع السلطه السوريه الحاليه وحاكمين وفي يديهم الكثير من دماء السوريين وغير السوريين دخلهم وادمجهم في الجيش الجزائري علاش باش يعلموا كيفيه التعذيب الوحشي للي راهم يسجو فيهم على واش باش يحاربوا الامارات اللي راح تدخل للجزائر باش يحاربوا الامارات اللي قاعده تقتل في السودانيين باش يحاربوا الصهاينه اللي يقتلوا في قوتنا في غزه باش يعذبوا الجزائريين اللي يكتبوا في الفيسبوك ويقولوا مخابرات ارهابيه والله يقولوا تبون مزور جابوه العسكر او يقولوا شنقريحه بلاصته في الحبس ماهيش في اعلى هرم للسلطه الان عندي رساله اخيره اود انه يسمعها مني الناس اولياء الحراقه اللي قاعدين يموتوا وقاعدين يترميو بالرصاص اولياء الناس اللي راهم محبوسين من اجل قضايا سياسيه واولياء مخطوفين التسعينات هل نسيتم اولادكم او انه الجزائري مات لدرجه انه ما يستطيعش حتى يريكلامي على ولده على فلده كبدو التسعينات التسعينات وكانت الناس تخرج من اجل ولادها ومن اجل فالدات اكبادها الان ولادنا الامل ضاع لهم راح كل شي راح كلشي ولا ماهوش حل اصبحوا يروحوا يركبوا في الباركه باش يوصل للجهه الاخرى تاع الميديتيرانيين وكي يجي في نص الطريق يترمى عليه بالرصاص لانه مامدش الرشوه للمارين اللي راهي قاعده تدخل في نفس الحيز نتاع المخابرات الارهابيه وقاعده تصبح هي ايضا ارهابيه لعلمكم ا لعلمكم يا والله والله واحد فيكم ما يتسامح لعلمكم برك واحد فيكم ما يتسامح لانه الارشيفات الارشيفات رايحه تخرج ولا تعتقد انك لانه حاكمك شنقريحه راح يدافع عنك ما راح العماري وكيما راح قايد صالح رايح يروح شنقريحه ورايح اللي يجي وراه حتى ويجي وراه رايحين نحيوه ونحيوكم كاع ونحيوكم كاع وقسما بالله العلي العظيم غير تسلكوها وتسلكوها غاليه امام الشعب الجزائري وقبل ذلك امام رب العالمين اللهم انتقم منهم هؤلاء المجرمين اللهم انتقم منهم يا رب سلام الاحرار",0
sport,عزيز طالبي,2025-11-21 19:13:13,https://www.ennaharonline.com/%d8%a8%d8%b1%d8%a7%d9%87%d9%8a%d9%85%d9%8a-%d8%a3%d9%81%d8%b6%d9%84-%d9%84%d8%a7%d8%b9%d8%a8-%d9%81%d9%8a-%d9%85%d8%a8%d8%a7%d8%b1%d8%a7%d8%a9-%d8%a7%d9%84%d8%ba%d8%b1%d8%a7%d9%81%d8%a9-%d9%88%d8%a7/,براهيمي أفضل لاعب في مباراة الغرافة والوكرة في دوري نجوم قطر,واصل الدولي الجزائري ياسين براهيمي عروضه القوية مع نادي الغرافة، بعدما قاد فريقه إلى فوز مهم على الوكرة ضمن منافسات دوري نجوم بنك الدوحة بهدف دون رد، حيث توج بجائزة أفضل لاعب في المباراة. وسجل براهيمي الهدف الأول للغرافة في الدقيقة الرابعة والثلاثين من ركلة جزاء نفذها بنجاح، مانحا فريقه أفضلية مستحقة في الشوط الأول. وشهدت المباراة خروج براهيمي في الشوط الثاني ليتم استبداله بزميله رابح يحيى بعد أن قدم أداء مميزا. وتعكس أرقام براهيمي في المباريات الخمس الأخيرة مستويات عالية من الفعالية، حيث سجل ثلاثة أهداف وقدم خمس تمريرات حاسمة، بمجموع ثماني مساهمات تهديفية، أي بمعدل مساهمة كل ست وخمسين دقيقة. كما بلغ معدل تقييمه على منصة الإحصائيات سوفاسكور 7.76، ما يبرز تأثيره الكبير في نتائج الفريق خلال الفترة الأخيرة. ويؤكد براهيمي بهذه الأرقام حضوره القوي في الدوري القطري هذا الموسم، ليواصل قيادة الغرافة بثبات في سباق المنافسة على المراكز المتقدمة. ,1
sport,عزيز طالبي,2025-11-21 18:44:08,https://www.ennaharonline.com/%d9%85%d8%af%d8%b1%d8%a8-%d8%a3%d9%81-%d8%b3%d9%8a-%d8%a8%d8%a7%d8%b1%d9%8a%d8%b3-%d8%b4%d8%b1%d9%82%d9%8a-%d9%88%d9%82%d8%a8%d9%91%d8%a7%d9%84-%d9%81%d9%8a-%d9%83%d8%a7%d9%85%d9%84-%d8%a7%d9%84/,"مدرب أف سي باريس: ""شرقي وقبّال في كامل الجاهزية قبل كأس إفريقيا""",عبّر مدرب نادي أف سي باريس، ستيفان جيلي، عن ارتياحه الكبير لجدية لاعبيه الجزائريين سمير شرقي وإيلان كبّال، مؤكدًا ثقته التامة في التزامهما قبل أسابيع من انطلاق المنافسة القارية “كأس أمم إفريقيا 2025”. وحول التأثير المحتمل للبطولة الإفريقية على الجولات الأخيرة من مرحلة الذهاب في الدوري الفرنسي، قال جيلي خلال الندوة الصحفية التي عقدها اليوم قبل مواجهة نادي ليل يوم في منافسة الليغ 1 “لا أشك إطلاقًا في التزامهما مع باريس FC حتى آخر مباراة سيلعبانها قبل كأس إفريقيا. فهما محترفان ومنافسان من الطراز الرفيع، وأعرف أنهما سيقدمان أقصى ما لديهما”. وأوضح المدرب الفرنسي أن رغبة اللاعبين في الظفر بمكانة ضمن القائمة النهائية للمنتخب الوطني الجزائري تشكل دافعًا قويًا لهما، مضيفًا: “طموحهما في حمل ألوان المنتخب يمنحهما حافزًا إضافيًا لتقديم أفضل المستويات”. ويأمل شرقي وقبّال، اللذان يقدمان عروضًا مميزة هذا الموسم، إلى حجز مكان لهما في تشكيلة الناخب الوطني فلاديمير بيتكوفيتش التي ستشارك في نهائيات كأس إفريقيا، بينما يعوّل أف سي باريس على استمرار نفس الروح التنافسية لضمان نتائج إيجابية قبل فترة التوقف الدولية.,1
sport,فيصل زيان بوزيان,2025-11-21 18:34:36,https://www.ennaharonline.com/%d8%a7%d9%84%d8%a5%d8%b9%d9%84%d8%a7%d9%85-%d8%a7%d9%84%d8%a3%d9%84%d9%85%d8%a7%d9%86%d9%8a-%d9%8a%d9%83%d8%b4%d9%81-%d8%b3%d8%b1-%d8%b4%d8%ae%d8%b5%d9%8a%d8%a9-%d9%85%d8%a7%d8%b2%d8%a9/,الإعلام الألماني يكشف سر شخصية مازة,"كشفت صحيفة “بيلد” الألمانية في تقرير مثير عن الجوانب الخفية لشخصية النجم الدولي الجزائري الصاعد، ولاعب باير ليفركوزن، إبراهيم مازة. مؤكدة أن حياته بعيدة تمامًا عن الصورة النمطية التي ترافق لاعبي كرة القدم الشباب في أوروبا. حادثة لشبونة… بداية الحكاية خلال مباراة فريقه في لشبونة، تلقّى مازة بطاقة صفراء بسبب الاحتجاج. ورغم بساطة الحدث داخل الملعب، كان وقعها كبيرًا خارج الخطوط. فور نهاية اللقاء، تقدّم والد مازة نحو ابنه برسالة حادة وصريحة: “هذا ليس من شيم العائلة… نحن لا نحتج ولا نفقد السيطرة”. هذا الموقف، بحسب الصحافة الألمانية، يمثل نموذجًا للتربية الصارمة التي نشأ عليها اللاعب. لا ترف… لا ماركات… لا مظاهر تقرير بيلد أكد أن مازة، يعيش حياة خالية من مظاهر الترف رغم صعوده السريع. لا حقائب فاخرة. لا ملابس مصممين. ولا سيارات تلفت الأنظار. في دوسلدورف، كان يقيم في شقة بسيطة بثلاث غرف، والغرفة الثالثة كانت دائمًا جاهزة لشيء واحد فقط: استقبال أحد أفراد العائلة. الأم، الأب أو الأخت الكبرى… دائمًا يوجد شخص من العائلة بجانبه، يرافقه ويراقب خطواته. عقلية لاعب كبير رغم صغر سنه تؤكد الصحافة الألمانية أن سرّ تميّز مازة لا يكمن فقط في موهبته، بل في شخصيته المتواضعة والتزامه الأخلاقي الصارم. عقليته الهادئة والمنضبطة صنعت منه لاعبًا يركز على العمل بدل المظاهر، وعلى التطور بدل الشهرة. وتشير بيلد إلى أن هذا النوع من التربية نادر في عالم كرة القدم الحديثة، وهو ما يجعل مازة لاعبًا مختلفًا ومهيئًا لنجومية طويلة الأمد. فبين الملعب والمنزل… لاعب لا يتغير سواء داخل المستطيل الأخضر أو خارجه، يبقى إبراهيم مازة على نفس النغمة: تواضع، احترام، وانضباط. لا يبحث عن الأضواء… بل يجعلها تأتي إليه بهدوء. وتكشف قصة اللاعب الشاب، إبراهيم مازة، أن خلف كل لاعب ناجح عائلة تحمل قيمًا لا تُشترى. فرغم عيشه في ألمانيا واحتكاكه بعالم كرة القدم الأوروبية، بقي وفيًّا لأسس التربية الجزائرية التي نشأ عليها. هذه الجذور المتينة هي التي منحت مازة القدرة على السير بثبات وسط عالم مليء بالإغراءات، وجعلته اليوم واحدًا من أكثر المواهب تميزًا وهدوءًا. ومهما ارتفع اسمه، يظل انعكاسًا لبيتٍ محافظٍ نقل إليه تلك المبادئ… وجعلها جزءًا من شخصيته داخل الملعب وخارجه. Nachdem Ibrahim Maza in Lissabon wegen Meckerns eine Gelbe Karte erhalten hatte, wies Papa-Maza seinen Sohn darauf hin, dass so etwas nicht zu den Charaktereigenschaften der Familie gehöre. Das gilt auch für Luxus und Prahlerei. Maza trägt keine teuren Taschen oder…pic.twitter.com/SdibGrT6a9 — UBK (@UBK__official)November 21, 2025 ",1
sport,عزيز طالبي,2025-11-21 17:42:32,https://www.ennaharonline.com/%d8%a3%d9%88%d9%84%d9%85%d8%a8%d9%8a%d9%83-%d8%a3%d9%82%d8%a8%d9%88-%d9%8a%d8%b1%d8%aa%d9%82%d9%8a-%d8%a5%d9%84%d9%89-%d8%a7%d9%84%d9%88%d8%b5%d8%a7%d9%81%d8%a9-%d8%a8%d8%b9%d8%af_-%d9%81%d9%88%d8%b2/,أولمبيك أقبو يرتقي إلى الوصافة بعد فوز ثمين على أولمبي الشلف,حقق أولمبيك أقبو فوزًا مهمًا على ضيفه أولمبي الشلف بثنائية نظيفة، في اللقاء الذي جمع الفريقين بملعب الوحدة المغاربية ببجاية ضمن فعاليات الجولة الـ12 من الرابطة المحترفة الأولى لكرة القدم. وأنهى أصحاب الأرض الشوط الأول متقدمين بهدف سجله رمضان حيتالة في الدقيقة 42، قبل أن يضيف المخضرم توفيق عدادي الهدف الثاني مطلع الشوط الثاني في الدقيقة 46، مانحًا فريقه أفضلية مريحة حافظ عليها حتى صافرة النهاية. وبهذا الانتصار، رفع أولمبيك أقبو رصيده إلى 21 نقطة، ليرتقي إلى المركز الثاني مناصفة مع مولودية وهران، وبفارق نقطة واحدة فقط عن المتصدر مولودية الجزائر صاحب 22 نقطة، ما يزيد من حدة المنافسة في مقدمة الترتيب قبل الجولات المقبلة. الفوز يؤكد الطموحات الكبيرة لأولمبيك أقبو هذا الموسم، ويمنح الفريق دفعة معنوية قوية قبل الاستحقاقات القادمة في بطولة المحترف الأول. في حين ركن فريق أولمبي الشلف في المرتبة 19 برصيد 10 نقاط فقط، وهي الوضعية التي سيعمل بكل جهد لاعبي “لايصو” للخروج منها و تسلق سلم الترتيب.,1
sport,فيصل زيان بوزيان,2025-11-21 16:38:21,https://www.ennaharonline.com/%d9%81%d8%a7%d9%86-%d8%a8%d9%8a%d8%b1%d8%b3%d9%8a-%d9%8a%d8%b4%d9%8a%d8%af-%d8%a8%d8%ad%d8%a7%d8%ac-%d9%85%d9%88%d8%b3%d9%89-%d9%88%d9%8a%d9%83%d8%b4%d9%81-%d9%85%d9%83%d8%a7%d9%86%d8%a9-%d9%85/,"فان بيرسي يشيد بحاج موسى ويكشف: ""مكانة محرز لن تُمس… لكن المستقبل ينتظره""",قبل مواجهة فاينورد المرتقبة ضد نيميخن لحساب الجولة الـ13 من الدوري الهولندي، أدلى مدرب فاينورد، روبين فان بيرسي بتصريحات لافتة تخص لاعبه الدولي الجزائري أنيس حاج موسى. و الذي خطف الأضواء خلال وديتي نوفمبر مع المنتخب الوطني. وقال أسطورة الكرة الهولندية بخصوص حظوظ لاعبه في افتكاك مكانة داخل “الخضر”، اليوم الجمعة:” لا أعتقد أن حاج موسى سيأخذ مكان رياض محرز، لأنه لاعب استثنائي”. وأضاف فان بيرسي أنه يرى مستقبل حاج موسى مع الجزائر واعدًا، خصوصًا بعد تصريحات محرز السابقة حول إمكانية اعتزاله الدولي بعد مونديال 2026:” يبدو لي أن محرز قال إنه سيتوقف بعد كأس العالم، وهذا سيفتح الباب أمام موسى”. وتفاعل مدرب فاينورد مع الأداء الذي قدمه جناحه الجزائري في آخر ظهور له مع المنتخب الوطني أمام السعودية، حيث قال:”شاهدت لقطات من مباراته، وقد لعب بنفس الطريقة التي نعرفه بها. كان مهمًا في أحد الأهداف، لكنني أحاول دائمًا تحفيزه على زيادة عدد الأهداف والتمريرات الحاسمة”. كما أضاف أسطورة الكرة الهولندية:”يجب عليه دائمًا أن يبقى مُبدعًا، لكن نلاحظ أنه أصبح يتخذ قرارات أكثر منطقية، حاج موسى يبذل جهدًا كبيرًا ليكون أكثر تأثيرًا، سواء مع ناديه أو مع المنتخب الوطني إنه يعمل كثيرًا ليكون له تأثير أكبر على الفريق”. وتأتي هذه التصريحات في وقت يعيش فيه أنيس حاج موسى فترة انتعاش كبيرة، سواء مع ناديه فاينورد أو مع المنتخب الوطني، ما يجعله أحد أبرز الأسماء المرشحة لقيادة الخط الهجومي للجزائر في السنوات القادمة.,1
sport,كريم تيغرمت,2025-11-21 15:05:05,https://www.ennaharonline.com/%d8%a7%d9%84%d9%85%d9%88%d9%84%d9%88%d8%af%d9%8a%d8%a9-%d8%aa%d8%b3%d9%82%d8%b7-%d8%a8%d8%ab%d9%86%d8%a7%d8%a6%d9%8a%d8%a9-%d9%81%d9%8a-%d8%b1%d9%88%d8%a7%d9%86%d8%af%d8%a7-%d8%a3%d9%85%d8%a7%d9%85/,المولودية تسقط بثنائية في رواندا أمام الهلال السوداني,تعثر فريق مولودية الجزائر، اليوم الجمعة، في أول خرجة له ضمن دور مجموعات رابطة أبطال إفريقيا، في مواجهة فريق الهلال السوداني. وكان فريق مولودية الجزائر، قد أنهى الشوط الأول من هذه المباراة، متأخرا في النتيجة بهدف دون رد صالح فريق الهلال. ومع بداية الشوط الثاني تمكن أشبال المدرب موكوينا، من تعديل النتيجة بنيران صديقة، بعد تسديدة من اللاعب بن حوى في د54. وفي الدقيقة الـ75 من عمر المباراة، تمكن الهلال السوداني، من تسجيل الهدف الثاني، وانهاء اللقاء لصالحهم بثنائية مقابل هدف واحد.,1
sport,كريم تيغرمت,2025-11-21 14:17:01,https://www.ennaharonline.com/%d8%a8%d9%86-%d8%ba%d9%8a%d8%ab-%d9%87%d8%af%d9%81%d9%86%d8%a7-%d8%a7%d9%84%d9%81%d9%88%d8%b2-%d9%81%d9%8a-%d9%85%d8%a8%d8%a7%d8%b1%d8%a7%d8%aa%d9%86%d8%a7-%d8%a7%d9%84%d8%b5%d8%b9%d8%a8%d8%a9/,"بن غيث: ""هدفنا الفوز في مباراتنا الصعبة ضد سنغيدا التنزاني""",اعترف لاعب شباب بلوزداد، عبد الرؤوف بن غيث، بصعوبة المباراة المقبلة التي ستجمعهم بالضيف سنغيدا التنزاني، مؤكدا عزمهم في ذات الوقت على تحقيق الفوز. وصرح بن غيث، اليوم الجمعة، للإذاعة الوطنية: “منافسنا يشارك لأول مرة في هذه البطولة الإفريقية، لكنه يملك لاعبين سبق لهم خوض هذه المنافسة”. كما أضاف: “ندرك بأن مباراتنا ستكون صعبة، لكننا جد مركزين، وهدفنا هو تحقيق الفوز في أول مباراة لنا ضمن هذا الدور من كأس الكونفيدرالية”. وتابع عبد الرؤوف بن غيث: “الأهم بالنسبة لنا في هذه المباراة هو الخروج من هذه المواجهة بفوز، وحصد النقاط الثلاث”.,1
sport,كريم تيغرمت,2025-11-21 13:36:45,https://www.ennaharonline.com/%d8%ad%d8%a7%d8%ac-%d8%b9%d8%af%d9%84%d8%a7%d9%86-%d8%ac%d8%a7%d9%87%d8%b2%d9%88%d9%86-%d9%84%d9%85%d9%88%d8%a7%d8%ac%d9%87%d8%a9-%d8%b3%d8%a7%d9%86-%d8%a8%d9%8a%d8%af%d8%b1%d9%88-%d9%88%d9%87/,"حاج عدلان: ""جاهزون لمواجهة سان بيدرو وهدفنا تحقيق الفوز""",أكد مساعد مدرب اتحاد العاصمة، حاج عدلان، جاهزية فريقهم لمباراة الجولة الأولى من دور مجموعات كأس الكونفيدرالية، والتي ستجمعهم بالضيف، سان بيدرو الإيفواري. وقال حاج عدلان، في تصريح للإذاعة الوطنية: “اللاعبين جاهزون لبداية مشوارهم في دور مجموعات كأس الكونفيدرالية”. كما أضاف: ” المباراة الأولى مهمة، وطموحنا كبير لبداية المشوار بفوز، الذي سيفتخ لنا الأبواب باقي المشوار، ونتمنى أن نكون في المستوى بتقديم مباراة كبيرة وتحقيق الفوز”. وأردف: “فريق سان بيدرو، ليس معروف في الساحة الافريقية، لكن تواجده في دور المجموعات يثبت أنه فريق محترم”. وختم حاج عدلان: “فريقنا استعاد الثقة بعد نتائجه الأخيرة في البطولة، ونتمنى أن نواصل في سلسلة نتائجنا الايجابية”.,1
sport,كريم تيغرمت,2025-11-21 11:55:04,https://www.ennaharonline.com/%d8%a7%d9%84%d9%85%d9%88%d9%84%d9%88%d8%af%d9%8a%d8%a9-%d8%aa%d8%b1%d9%81%d8%b9-%d8%a7%d9%84%d8%aa%d8%ad%d8%af%d9%8a-%d8%b6%d8%af-%d8%a7%d9%84%d9%87%d9%84%d8%a7%d9%84-%d9%84%d8%aa%d8%ad%d9%82%d9%8a/,المولودية ترفع التحدي ضد الهلال لتحقيق انطلاقة موفقة في دوري الأبطال,يخوص فريق مولودية الجزائر، أمسية اليوم الجمعة، مباراة الجولة الأولى من دور مجموعات رابطة أبطال إفريقيا، في مواجهة الهلال السوداني. ويسعى فريق مولودية الجزائر، تحقيق انطلاقة موفقة في هذا الدور من رابطة أبطال إفريقيا، من خلال تحقيق نتيجة ايجابية أمام الهلال السوداني. ويعول مدرب المولودية، رولاني موكوينا، على جاهزية لاعبيه، وعزيمتهم، للاطاحة بنادي الهلال، والعودة بنتجية ايجابية. يذكر أن مباراة مولودية الجزائر، ومضيفه الهلال السوداني، مقررة أمسية اليوم الجمعة، انطلاقا من الثانية زوالا، بملعب “أماهورو” بالعاصمة الرواندية كيغالي.,1
sport,كريم تيغرمت,2025-11-21 10:28:26,https://www.ennaharonline.com/%d8%a3%d9%88%d8%b3%d8%b1%d9%8a%d8%b1-%d8%a7%d9%84%d9%84%d8%a7%d8%b9%d8%a8%d9%88%d9%86-%d9%88%d8%a7%d8%b9%d9%88%d9%86-%d8%a8%d8%a7%d9%84%d9%85%d8%b3%d8%a4%d9%88%d9%84%d9%8a%d8%a9-%d8%a7%d9%84%d8%aa/,"أوسرير: ""اللاعبون واعون بالمسؤولية التي تنتظرهم في مواجهة سينغيدا التنزاني""",أكد مدرب شباب بلوزداد، نسيم أوسرير، وعي لاعبي الفريق بالمسؤولية الملقاة على عاتقهم في المباراة المقبلة ضد سينغيدا بلاك ستار الغاني، لحساب كأس الكونفيدرالية. وقال أوسيرير، في تصريح خص به الإذاعة الوطنية: ” المباراة ستكون صعبة خاصة أن المدرب غاموندي، خلق لنا الموسم الماضي صعوبات في رابطة الأبطال”. كما أضاف: “كل المباريات هذا الدور ستكون صعبة، لذا علينا أن نكون في المستوى، بتقديم كرة جميلة، ونتمنى أن يكون الفوز حليفنا”. وتابع نسيم أوسرير: “البداية جد مهمة من أجل مواصلة المسار، وكل اللاعبين واعون بالمسؤولية، وظرورة الفوز قبل تنقلنا إلى الكونغو لخوض الجولة الثانية”.,1
sport,كريم تيغرمت,2025-11-21 10:13:49,https://www.ennaharonline.com/%d9%85%d8%af%d8%a7%d9%86-%d8%b3%d9%86%d9%88%d8%a7%d8%ac%d9%87-%d8%a3%d8%ad%d8%af-%d8%a3%d8%a8%d8%b1%d8%b2-%d8%a7%d9%84%d9%85%d8%b1%d8%b4%d8%ad%d9%8a%d9%86-%d9%84%d9%84%d8%aa%d8%aa%d9%88%d9%8a%d8%ac/,"مدان: ""سنواجه أحد أبرز المرشحين للتتويج برابطة الأبطال""",أبرز المدير الرياضي العام لشبيبة القبائل، حكيم مدان، صعوبة المباراة المقبلة التي تنتظرهم في رابطة أبطال إفريقيا، في مواجهة نادي الأهلي المصري. وصرح حكيم مدان، للإذاعة الوطنية، بخصوص مباراتهم ضدالأهلي المصري: “هي مباراة كبيرة مرتقبة بين فريقين كبيرين”. كما أضاف: “سنواجه أحد المرشحين للتتويج بهذه البطولة، وعلينا أن نكون في أتم جاهزيتنا لهذه المواجهة”. وأردف: “لاعبينا يدركون أهمية اللقاء، وصعوبة المواجهة، لكنهم مستعدون لتقديم مباراة في المستوى، وفي كرة القدم كل شيء ممكن”. وتابع حكيم مدان: “المباريات الثلاث الأولى في دور المجموعات جد مهمة، من أجل تحقيق التأهل للدور الربع النهائي”. يذكر أن فريق شبيبة القبائل، يواجه غدا الجمعة، مضيفه الأهلي المصري، لحساب الجولة الأولى من دور مجموعات رابطة أبطال إفريقيا.,1
sport,كريم تيغرمت,2025-11-21 09:45:47,https://www.ennaharonline.com/%d9%85%d9%88%d9%83%d9%88%d9%8a%d9%86%d8%a7-%d9%87%d8%af%d9%81%d9%86%d8%a7-%d8%aa%d8%ad%d9%82%d9%8a%d9%82-%d9%86%d8%aa%d8%a7%d8%a6%d8%ad-%d8%a3%d9%81%d8%b6%d9%84-%d9%85%d9%86-%d8%a7%d9%84%d9%85/,"موكوينا: ""هدفنا تحقيق نتائح أفضل من الموسم الماضي في دوري الأبطال""",حدد مدرب مولودية الجزائر، رولاني موكوينا، أهداف فريقه لهذا الموسم في منافسة رابطة أبطال إفريقيا. وصرح المدرب موكوينا، للإذاعة الوطنية: “نبحث عن مسير جيدة في منافسة دوري الأبطال التي تعد جد صعبة”. كما أضاف: “علينا احترام منافسينا، وأن نكون في ثقة عالية، لتحقيق طموحات نادينا، ونريد أفضل مما فعلناه الموسم الماضي”. يذكر أن فريق مولودية الجزائر، يفتتح اليوم الجمعة، مشواره ضمن دور مجموعات رابطة أبطال إفريقيا، بمواجهة مضيفهم نادي الهلال السوداني.,1
national,م .فيصل,2025-11-21 20:00:09,https://www.ennaharonline.com/%d9%81%d9%8a-%d8%b8%d9%84-%d9%85%d9%88%d8%ac%d8%a9-%d8%a7%d9%84%d8%a8%d8%b1%d8%af-%d9%86%d9%81%d8%b7%d8%a7%d9%84-%d8%aa%d9%88%d8%b6%d8%ad-%d8%a8%d8%ae%d8%b5%d9%88%d8%b5-%d8%ba%d8%a7%d8%b2-%d8%a7/,في ظل موجة البرد.. نفطال توضح بخصوص غاز البوتان,سخّرت مؤسسة نفطال كل الإمكانيات البشرية والمادية لتزويد كافة المواطنين بمادة غاز البوتان وتأمين تموين منتظم بهاته المادة الحيوية عبر كامل التراب الوطني.  ويأتي هذا في ظل موجة البرد التي تشهدها مختلف مناطق الوطن. وأكدت نفطال في بيانها أنه تم تعزيز وحدات التعبئة والتوزيع ورفع وتيرة التموين، مع منح أولوية خاصة للمناطق الجبلية والقرى المعزولة. كما سيتم تزويد هذه المناطق بمخزونات احتياطية كإجراء إستباقي لضمان استمرارية الخدمة في حالة تعذر فرقنا الوصول إليها بسب الظروف المناخية الصعبة. وتجدد نفطال التزامها بمرافقة المواطنين وتلبية احتياجاتهم من غازَيْ البوتان والبروبان طوال هذه الفترة الشتوية وعلى غرار سائر ايام السنة.,1
national,م .فيصل,2025-11-21 19:43:59,https://www.ennaharonline.com/%d9%85%d9%86%d8%b0%d8%b1-%d8%a8%d9%88%d8%af%d9%86-%d9%8a%d9%8f%d8%b3%d8%aa%d9%8e%d9%82%d8%a8%d9%84-%d9%85%d9%86-%d9%82%d8%a8%d9%84-%d8%b1%d8%a6%d9%8a%d8%b3-%d8%a7%d9%84%d9%85%d8%ac%d9%84%d8%b3-%d8%a7/,منذر بودن يُستَقبل من قبل رئيس المجلس الوطني الكونغولي,استُقبل منذر بودن، رئيس الوفد البرلماني الجزائري، اليوم الجمعة، من قبل إيمي بوجور سونغارا، رئيس المجلس الوطني الكونغولي. وجاء هذا في إطار مشاركركة الوفد الجزائري في الدورة الـ84 للجنة التنفيذية للاتحاد البرلماني الإفريقي والمؤتمر الـ47 لرؤساء البرلمانات الوطنية، بالعاصمة كينشاسا. وجرى اللقاء بحضور قواوي نسيم سعادة، سفير الجزائر لدى جمهورية الكونغو الديمقراطية. وخلال اللقاء، قدّم بودن رسالة تهنئة من إبراهيم بوغالي، رئيس المجلس الشعبي الوطني، إلى نظيره الكونغولي المنتخب حديثاً. كما نقل له تحيات إبراهيم بوغالي واستعداده لتعزيز التعاون البرلماني بين البلدين اللذين تربطهما علاقات أخوية عريقة. وبالمناسبة قدّم بودن تحية لرئيس المجلس الوطني الكونغولي على التنظيم المتميز للدورة الـ84 للجنة التنفيذية للاتحاد البرلماني الإفريقي والمؤتمر الـ47 لرؤساء البرلمانات الوطنية. كما أكد بودن حرص الجزائر على الارتقاء بالتعاون الثنائي في مختلف المجالات، مشدداً على التزام الدولة الجزائرية بتعميق روابطها مع البلدان الإفريقية. وذكر بودن  بتوجّهات رئيس الجمهورية الهادفة إلى تعزيز التعاون داخل القارة وتطوير العلاقات السياسية والثقافية والاقتصادية بين الجزائر وعمقها الإفريقي. وشدد نائب رئيس المجلس الشعبي الوطني على الموقف الثابت للجزائر القائم على احترام سيادة الدول ورفض كل أشكال التدخل الأجنبي في شؤونها الداخلية. من جانبه، أعرب رئيس المجلس الوطني الكونغولي عن تقديره الكبير للجزائر، مثمّناً دورها القاري والدولي. واشار إلى أن الوفد الجزائري هو أول وفد مشارك في المؤتمر يقوم باستقباله. كما عبّر عن استعداده للعمل مع الجانب الجزائري من أجل ترقية التعاون الثنائي بين البلدين.,1
national,م .فيصل,2025-11-21 18:35:52,https://www.ennaharonline.com/%d8%a8%d9%88%d8%af%d9%86-%d9%8a%d8%b3%d8%aa%d8%b9%d8%b1%d8%b6-%d8%b1%d8%a4%d9%8a%d8%a9-%d8%a7%d9%84%d8%ac%d8%b2%d8%a7%d8%a6%d8%b1-%d9%88%d8%a7%d9%84%d8%aa%d8%b2%d8%a7%d9%85%d9%87%d8%a7-%d8%a7%d9%84/,بودن يستعرض رؤية الجزائر والتزامها الثابت بدعم مسار التكامل الاقتصادي الإفريقي في كينشاسا,شارك الأمين العام لجزب التجمع الوطني الديموقراطي الأرندي ونائب رئيس المجلس الشعبي الوطني منذر بودن أشغال الدورة السابعة والأربعين لمؤتمر رؤساء الاتحاد البرلماني الإفريقي في كينشاسا. وانطلقت اليوم الجمعة، في العاصمة كينشاسا أشغال الدورة الـ 47 لمؤتمر رؤساء الاتحاد البرلماني الإفريقي، بحضور رئيس الجمعية الوطنية الكونغولية، رئيس مجلس الشيوخ الكونغولي، رئيس اللجنة التنفيذية للاتحاد البرلماني الإفريقي، نائب رئيس اللجنة التنفيذية، الأمين العام للاتحاد البرلماني الأفريقي ، والأمين العام للاتحاد البرلماني الدولي. وخلال الجلسة الافتتاحية، ألقى منذر بودن، كلمة استعرض فيها رؤية الجزائر والتزامها الثابت بدعم مسار التكامل الاقتصادي الإفريقي وتعزيز التعاون بين دول القارة. كما أكد بودن أن الجزائر، انطلاقًا من قناعتها الراسخة بأهمية تعزيز التكامل الإفريقي، تواصل دعمها الفعّال لكل المبادرات الهادفة إلى ترقية التعاون الاقتصادي بين بلدان القارة. وذكر بودن بالنجاح الكبير الذي حققته الطبعة الرابعة من معرض التجارة البينية الإفريقية الذي احتضنته الجزائر مؤخرًا تحت الرعاية السامية لرئيس الجمهورية، والذي جمع آلاف الفاعلين الاقتصاديين من مختلف الدول. وبالمناسبة أشاد بإطلاق رئيس الجمهورية صندوقًا إفريقيًا موجّهًا لتمويل الشركات الناشئة والمبتكرين الشباب، معتبرًا أن الاستثمار في طاقات الشباب يشكل ركيزة أساسية لبناء اقتصاد إفريقي مبتكر وقادر على المنافسة عالميًا. وكلمته أوضح بودن أن هذه الجهود تنسجم مع أجندة الاتحاد الإفريقي 2063، وتعكس رؤية جزائرية واضحة تقوم على تمكين الشباب وتعزيز الاعتماد على القدرات الذاتية. وتوقف بودن عند الأهمية الاستراتيجية لمشروع منطقة التجارة الحرة القارية الإفريقية (ZLECAf)، باعتباره أحد أعمدة الاندماج الاقتصادي القاري. واعتبر بودن أن نجاح هذا المشروع يستوجب إرادة سياسية موحدة وتنسيقًا متقدمًا لإزالة الحواجز وتحسين البنى التحتية للنقل واللوجستيك وتسهيل تنقل السلع ورؤوس الأموال. وأضاف بودن إلى أن الجزائر كانت من أوائل الدول الموقعة على اتفاقية إنشاء المنطقة، وأنها تواصل العمل على تعزيز التجارة البينية الإفريقية وترسيخ التعاون “جنوب-جنوب”. بودن في كلمته تطرق نائب رئيس المجلس إلى التحديات المزدوجة التي تواجهها القارة في مجال الانتقال الطاقوي وتعزيز السيادة الوطنية، داعيًا إلى تعاون إفريقي أكبر لتطوير مشاريع طاقوية مشتركة قادرة على دعم التنمية المستدامة. وقال إن الجزائر تبنّت سياسة طاقوية طموحة تعتمد على الطاقات المتجددة والهيدروجين الأخضر والبحث العلمي، مؤكدة أن تحقيق التنمية المستدامة يستلزم سيادة وطنية كاملة وسيطرة الدول الإفريقية على مواردها وثرواتها. وفي ختام كلمته، جدد منذر بودن التأكيد على التزام الجزائر، بقيادة رئيس الجمهورية عبد المجيد تبون، بدعم كل المبادرات التي تعزز التكامل القاري وترسخ التضامن بين الدول الإفريقية,1
national,م .فيصل,2025-11-21 17:32:44,https://www.ennaharonline.com/%d8%ac%d8%a7%d9%85%d8%b9-%d8%a7%d9%84%d8%ac%d8%b2%d8%a7%d8%a6%d8%b1-%d9%8a%d9%88%d8%b8%d9%81-2/,جامع الجزائر يوظف,أعلن مركز البحث في العلوم الدينية وحوار الحضارات عن فتح باب الترشح للتوظيف عن طريق التكفل بعد عملية نقل بعنوان سنة 2025 . وأوضح المركز في بيان له عبر الحساب الرسمي لجامع الجزائر أن عملية التوظيف تخص الموظفين المرسمين والذين هم في حالة نشاط في الرتب التالية متصرف البحث من المستوى الثاني منصب واحد . متصرف البحث من المستوى الأول منصبين. وتمنح الأولوية للذين هم في حالة نشاط الحاصلين على شهادة الليسانس اوالماستر في التخصصات التالية : العلوم الإسلامية، ميدان العلوم الاقتصادية وعلوم التسيير، الحقوق. وتودع ملفات الترشح عبر البريد الالكتروني[email protected]عن طريق ملف يصيغة PDF في اجل خمسة عشر يوم ابتداء من تاريخ نشر هذا الإعلان. كما تضمن ملف الترشح طلب خطي يتضمن رقم الهاتف والعنوان، نسخة من اخر مقرر تعيين في الرتبة، نسخة من الشهادات المتحصل عليها. بالإضافة إلى سيرة ذاتية مفصلة، شهادة الإقامة.,1
national,نادية بن طاهر,2025-11-21 15:16:36,https://www.ennaharonline.com/%d8%ab%d9%84%d9%88%d8%ac-%d8%a3%d9%85%d8%b7%d8%a7%d8%b1-%d9%88%d8%b1%d9%8a%d8%a7%d8%ad-%d9%88%d8%a8%d8%b1%d9%88%d8%af%d8%a9-%d8%b4%d8%af%d9%8a%d8%af%d8%a9-%d8%ba%d8%af%d8%a7-%d8%a7%d9%84%d8%b3%d8%a8/,ثلوج.. أمطار ورياح وبرودة شديدة غدا السبت,كشفت مصالح الأرصاد الجوية، عن توقعات حالة الطقس، ليوم غد السبت، والذي سيعرف تساقط أمطار وثلوج، على عدة ولايات من الوطن. وحسب ذات المصالح، ستعرف المناطق الشمالية، غدا السبت، تساقط أمطار رعدية على المناطق الوسطى والشرقية. وتساقط ثلوج على المرتفعات الوسطى والشرقية التي يتعدى علوها الـ900 متر. وتتمثل الولايات المعنية بتساقط الأمطار في كل من بومرداس، وتيزي وزو، وبجاية، وسطيف، وجيجل، وسكيكدة، عنابة، والطارف. كما تتمثل الولايات المعنية بتساقط الثلوج في كل من عين الدفلى، وتيسمسيلت، والبليدة، والمدية، وبومرداس، والبويرة، تيزي وزو، وبجاية. بالإضافة إلى ولايات برج بوعريريج، وجيجل، وسطيف، وباتنة، وسكيكدة، وقسنطينة، وأم البواقي، وخنشلة، قالمة وسوق أهراس. كما تتمثل الولايات المعنية بهبوب الرياح في كل من جيجل، وسكيكدة، عنابة، والطارف. وستتراوح درجات الحرارة، بين 14 و17 درجة بالمناطق الساحلية، وبين 6 و17 درجة بالمناطق الداخلية. فيما ستصل سرعة الرياح إلى 70 كلم/سا. أما المناطق الجنوبية للوطن، فستعرف غدا السبت، طقسا مشمسا. وستتراوح درجات الحرارة بين 13 و33 درجة. فيما ستصل سرعة الرياح إلى 30 كلم/سا. إضغط على الصورة لتحميل تطبيق النهار للإطلاع على كل الآخبار على البلاي ستور,1
national,نادية بن طاهر,2025-11-21 14:05:17,https://www.ennaharonline.com/%d8%a5%d8%ac%d9%84%d8%a7%d8%a1-%d8%b5%d8%ad%d9%8a-%d9%85%d8%b3%d8%aa%d8%b9%d8%ac%d9%84-%d9%84%d8%a8%d8%ad%d8%a7%d8%b1-%d9%81%d8%b1%d9%86%d8%b3%d9%8a-%d8%b4%d9%85%d8%a7%d9%84-%d8%b9%d9%8a%d9%86-%d8%a7/,إجلاء صحي مستعجل لبحار فرنسي شمال عين البنيان,أعلنت وزارة الدفاع، عن إجراء عملية إجلاء صحي مستعجلة لبحار من جنسية فرنسية شمال عين البنيان بالعاصمة. وحسب بيان لوزارة الدفاع الوطني، تمت هذه العملية، إثر تلقي المركز الوطني لعمليات الحراسة والإنقاذ في البحر، صباح اليوم الجمعة، لنداء استغاثة من طرف بحار على متن سفينة شراعية مسماة “SY-FRILEUSE” حاملة للراية الفرنسية ومتواجدة على بعد 57 ميل بحري شمال عين البنيان بالعاصمة. وأضاف البيان، أن السفينة قادمة من جزيرة سردينيا ومتجهة إلى مضيق جبل طارق. ويتعلق الأمر بالبحار المدعو “نيكولا شاغبي” ” Nicolas charpy”من جنسية فرنسية يبلغ من العمر 60 سنة تعرض لأزمة صحية. إثر ذلك وعلى الفور وبالتنسيق مع المركز الجهوي لعمليات الحراسة والإنقاذ في البحر بالجزائر. قام المركز الوطني لعمليات الحراسة والإنقاذ في البحر بتفعيل عملية إنقاذ وإجلاء صحي في البحر. عبر إقحام حوامة البحث والإنقاذ AS-12 التابعة للفوج 560 لحوامات البحث والإنقاذ. وتم إجلاء البحار الفرنسي على جناح السرعة الى مستشفى زرالدة من أجل تلقي العلاج اللازم، وهو الآن في حالة صحية مستقرة. وتندرج هذه العملية في إطار المهام الإنسانية لوحدات حرس السواحل لقيادة القوات البحرية التي تعكس الجهود المبذولة. ومدى حرصهم على التدخل لإنقاذ الأرواح البشرية في عرض البحر، في جميع الظروف. إضغط على الصورة لتحميل تطبيق النهار للإطلاع على كل الآخبار على البلاي ستور,1
national,نادية بن طاهر,2025-11-21 13:58:54,https://www.ennaharonline.com/%d9%88%d8%b2%d9%8a%d8%b1-%d8%a7%d9%84%d9%81%d9%84%d8%a7%d8%ad%d8%a9-%d8%a5%d9%86%d9%87%d8%a7%d8%a1-%d8%aa%d8%b7%d9%87%d9%8a%d8%b1-%d8%a7%d9%84%d8%b9%d9%82%d8%a7%d8%b1-%d8%a7%d9%84%d9%81%d9%84%d8%a7/,وزير الفلاحة: إنهاء تطهير العقار الفلاحي قريباً,أكد وزير الفلاحة والتنمية الريفية والصيد البحري، ياسين المهدي وليد، تواصل الجهود للانتهاء من ملف تطهير العقار الفلاحي قريباً. وأبرز المهدي وليد، في رد له على سؤال شفوي بالمجلس الشعبي الوطني. أنّ اللجان الولائية واللجنة الوطنية المكلفة بتطهير العقار الفلاحي، تستمر في حلّ مختلف المشاكل المطروحة. مؤكدا أن العملية تتمّ في إطار المنشور الوزاري المشترك رقم 2 الصادر في الأول جوان الماضي. وأضاف الوزير، أنّ اللجنة الوطنية التي أنشئت في التاسع ديسمبر 2024، تعمل على تسوية جميع الوضعيات العالقة. ويتعلق الأمر بوضعيات ناجمة عن غموض بعض المواد القانونية أو عدم احترام بعض الفلاحين للبنود المتفق عليها. ومن بين الاشكاليات التي يجري العمل على حلّها، تلك المتعلقة بنقل الامتياز للورثة. وهذا فضلاً عن اجراءات الفسخ في حالة تخلّف الورثة عن إيداع ملفات الإستخلاف، إلى جانب تفعيل حق التنازل عن الامتياز. وأكّد وليد أنّ المستثمر صاحب الامتياز الراغب في التنازل عن حقه في الامتياز الفلاحي ملزم بإعلام الديوان الوطني للأراضي الفلاحية. وربط الوزير المسألة بتوضيح مبلغ التنازل والطرف المرشح للحصول على حق الامتياز. ولاحظ أنّ تنازل صاحب الامتياز عن حقه العيني لا يعني بالضرورة تنازله على الأرض التي تعد ملكاً خاصاً للدولة. إضغط على الصورة لتحميل تطبيق النهار للإطلاع على كل الآخبار على البلاي ستور,1
national,نادية بن طاهر,2025-11-21 13:00:12,https://www.ennaharonline.com/%d8%b1%d9%8a%d8%a7%d8%ad-%d9%87%d9%88%d8%ac%d8%a7%d8%a1-%d8%aa%d8%b6%d8%b1%d8%a8-%d9%87%d8%b0%d9%87-%d8%a7%d9%84%d9%88%d9%84%d8%a7%d9%8a%d8%a7%d8%aa-%d8%a7%d9%84%d9%8a%d9%88%d9%85-%d9%88%d8%ba%d8%af/,رياح هوجاء تضرب هذه الولايات اليوم وغدا,أفادت نشرية جوية خاصة صادرة عن الديوان الوطني للأرصاد الجوية، بهبوب رياح شمالية-غربية سرعتها من 50 إلى 70 كلم/سا تصل أحيانا إلى 80 كلم/سا، على عدة ولايات من الوطن. وحسب ذات النشرية، يبدأ هبوب الرياح زوال اليوم، ليستمر إلى غاية يوم غد السبت، على الساعة السابعة مساء. وتتمثل الولايات المعنية بالنشرية في كل من جيجل، وسكيكدة، وعنابة، والطارف. فيما أفادت نشرية جوية خاصة ثانية، بهبوب رياح قوية، شمالية غربية، سرعتها من 50 إلى 70 كلم/سا، تستمر إلى غاية يوم السبت على الساعة الواحدة زوالا. وتتمثل الولايات المعنية بالنشرية في كل من الجزائر، وبومرداس، بجاية، وتيزي وزو. إضغط على الصورة لتحميل تطبيق النهار للإطلاع على كل الآخبار على البلاي ستور,1
national,نادية بن طاهر,2025-11-21 11:43:45,https://www.ennaharonline.com/%d8%ac%d9%85%d8%a7%d8%b1%d9%83-%d8%b9%d9%86%d8%a7%d8%a8%d8%a9-%d8%aa%d8%ad%d8%ac%d8%b2-%d9%82%d8%b1%d8%a7%d8%a8%d8%a9-8-%d8%a2%d9%84%d8%a7%d9%81-%d9%82%d8%b1%d8%b5-%d9%85%d9%87%d9%84%d9%88%d8%b3/,جمارك عنابة تحجز قرابة 8 آلاف قرص مهلوس,تمكنت فرق مفتشية فحص المسافرين بالمركز الحدودي أولاد مومن، التابعة لمفتشية أقسام الجمارك بسوق أهراس، من حجز كمية هامة من الأقراص المهلوسة. وحسب بيان للمديرية العامة للجمارك، تم حجز 5.001 قرص بريغابالين 150 ملغ، و2.885 قرص ليكزوميل 06 ملغ. و130 غراماً من مسحوق ليكزوميل. وقد كانت الكميات مخبأة بإحكام داخل تجاويف وأجزاء مركبة سياحية من نوع رونو كليو كلاسيك. وتم العثور على الدفعة الأولى تحت غطاء المحرك، فيما ضبطت الثانية تحت المكيّف الهوائي. وتم تحرير محضر حجز وتقديم المخالف رفقة متهمين آخرين أمام نيابة محكمة سوق أهراس لاستكمال الإجراءات القانونية. إضغط على الصورة لتحميل تطبيق النهار للإطلاع على كل الآخبار على البلاي ستور,1
national,نادية بن طاهر,2025-11-21 08:33:35,https://www.ennaharonline.com/%d8%a3%d9%85%d8%b7%d8%a7%d8%b1-%d8%ac%d8%af-%d8%ba%d8%b2%d9%8a%d8%b1%d8%a9-%d8%aa%d8%b5%d9%84-%d9%84%d9%8070-%d9%85%d9%84%d9%85-%d8%b9%d9%84%d9%89-%d9%87%d8%b0%d9%87-%d8%a7%d9%84%d9%88%d9%84%d8%a7/,أمطار جد غزيرة تصل لـ70 ملم على هذه الولايات,أفاد الديوان الوطني للأرصاد الجوية، بتساقط أمطار رعدية غزيرة، على عدة ولايات من الوطن، اليوم الجمعة. وحسب ذات النشرية، تتراوح كمية الأمطار المتوقعة مابين 40 و50 ملم ومن المتوقع أن تصل إلى 70 ملم. وتستمر في التساقط إلى غاية منتصف النهار. وتتمثل الولايات المعنية بالنشرية في كل من بومرداس، وتيزي وزو، وبجاية، وسطيف، وجيجل، وسكيكدة، عنابة، والطارف. وأفادت نشرية ثانية، بتساقط أمطار رعدية، تتراوح بين 30 و40 ملم، وتصل إلى 50 ملم. وتتمثل الولايات المعنية بالنشرية، تيبازة، والجزائر العاصمة، والبليدة، البويرة والمدية. إضغط على الصورة لتحميل تطبيق النهار للإطلاع على كل الآخبار على البلاي ستور,1
national,نادية بن طاهر,2025-11-21 08:16:26,https://www.ennaharonline.com/%d8%ab%d9%84%d9%88%d8%ac-%d9%83%d8%ab%d9%8a%d9%81%d8%a9-%d8%b9%d9%84%d9%89-%d9%87%d8%b0%d9%87-%d8%a7%d9%84%d9%88%d9%84%d8%a7%d9%8a%d8%a7%d8%aa-%d8%a7%d9%84%d9%8a%d9%88%d9%85-%d9%88%d8%ba%d8%af%d8%a7/,ثلوج كثيفة على هذه الولايات اليوم وغدا,أعلن الديوان الوطني للأرصاد الجوية، في نشرية خاصة، اليوم الجمعة، عن تساقط ثلوج كثيفة على عدة ولايات من الوطن. وحسب ذات النشرية، يتراوح سمك الثلوج ما بين 10 و20 سم، وذلك بداية من الساعة الثالثة بعد الزوال. ليستمر إلى غاية الساعة الثالثة من زوال يوم غد. وتتمثل الولايات المعنية بهذه النشرية، في كل من البويرة، وبومرداس، وتيزي وزو، وبجاية، وجيجل، سطيف وبرج بوعريريج. فيما أفادت نشرية ثانية، بتساقط ثلوج تتراوح ما بين 5 و10 سنتيمتر على كل من ولايات سكيكدة، وميلة. وقسنطينة، وقالمة، وسوق أهراس، وأم البواقي، باتنة، وخنشلة. ويبدأ تساقط الثلوج، على الساعة التاسعة ليلا، ليستمر إلى غاية منتصف نهار يوم غد السبت. كما ستتساقط الثلوج، بداية من الساعة السادسة مساء، إلى غاية الساعة التاسعة من صباح يوم غد السبت. على كل من ولايات البليدة، وعين الدفلى، تيسمسيلت والمدية. إضغط على الصورة لتحميل تطبيق النهار للإطلاع على كل الآخبار على البلاي ستور,1
national,م. فيصل,2025-11-20 22:20:49,https://www.ennaharonline.com/%d8%b1%d8%a6%d9%8a%d8%b3-%d8%a7%d9%84%d9%88%d8%b2%d8%b1%d8%a7%d8%a1-%d8%a7%d9%84%d9%81%d9%8a%d8%aa%d9%86%d8%a7%d9%85%d9%8a-%d9%8a%d8%ae%d8%aa%d8%aa%d9%85-%d8%b2%d9%8a%d8%a7%d8%b1%d8%aa%d9%87-%d8%a5/,رئيس الوزراء الفيتنامي يختتم زيارته إلى الجزائر,اختتم رئيس وزراء جمهورية فيتنام الاشتراكية، فام مينه شينه، زيارته الرسمية إلى الجزائر، والتي دامت 3 أيام. وحسب بيانٍ لمصالح الوزير الأول، تم توديع رئيس الوزراء الفيتنامي من قبل وزير الدولة، وزير المحروقات والمناجم، محمد عرقاب، مرفوقًا بوفد وزاري. وكان، خلال زيارته، استُقبل من قبل رئيس الجمهورية، عبد المجيد تبون، وأجرى لقاءات ثنائية وموسعة مع الوزير الأول، سيفي غريب. وأسفرت الزيارة عن توقيع عدة اتفاقيات ومذكرات تفاهم لتعزيز التعاون بين البلدين في مجالات الاقتصاد، الطاقة، والتجارة.,1
national,م. فيصل,2025-11-20 21:03:28,https://www.ennaharonline.com/%d8%aa%d8%af%d8%b4%d9%8a%d9%86-%d9%86%d8%b5%d8%a8-%d8%aa%d8%b0%d9%83%d8%a7%d8%b1%d9%8a-%d9%84%d9%84%d8%b2%d8%b9%d9%8a%d9%85-%d8%a7%d9%84%d9%81%d9%8a%d8%aa%d9%86%d8%a7%d9%85%d9%8a-%d9%87%d9%88-%d8%aa/,"تدشين نصب تذكاري للزعيم الفيتنامي ""هو تشي منه"" بالرايس حميدو",تم اليوم الخميس تدشين نصب تذكاري للزعيم الفيتنامي “هو تشي منه”، ببلدية الرايس حميدو بالجزائر العاصمة. مراسم التدشين جرت بحضور الوزير الأول الفيتنامي، فام مينه شينه، الذي كان مرفوقا بوزير التجارة الخارجية وترقية الصادرات كمال رزيق، والسلطات المحلية. وجاء ذلك خلال جولة قادت شينه، إلى بلدية الرايس حميدو، أين توقف بالشارع الذي يحمل اسم الرمز التاريخي لفيتنام، وسط ترحيب واسع من المواطنين. وبالمناسبة عبر الوزير الأوّل الفيتنامي عن شكره للجزائر على “منحها مكانة خاصة وودا كبيرا للزعيم هو تشي منه وللشعب الفيتنامي”. وتابع فام مينه شينه “أتوجه بالشكر للدولة الجزائرية على حفاوة الاستقبال وبخالص التقدير للشعب الجزائري الشقيق”، لافتا إلى العلاقات “التاريخية الراسخة وعلاقة الأخوة المتينة” التي تجمع الجزائر وفيتنام.,1
national,خالد زوبيري,2025-11-20 20:57:09,https://www.ennaharonline.com/%d8%a7%d9%84%d9%88%d8%b2%d9%8a%d8%b1-%d8%a7%d9%84%d8%a3%d9%88%d9%84-%d9%8a%d8%ad%d9%84-%d8%a8%d8%ad%d9%86%d9%88%d8%a8-%d8%a5%d9%81%d8%b1%d9%8a%d9%82%d9%8a%d8%a7-%d9%84%d9%84%d9%85%d8%b4%d8%a7%d8%b1/,الوزير الأول يحل بحنوب إفريقيا للمشاركة في قمة مجموعة الـ20,حل الوزير الأول، سيفي غريب، اليوم الخميس، بمطار أوليفر ريجنالد تامبو الدولي بمدينة جوهانسبرغ بجمهورية جنوب إفريقيا. وذلك بصفته ممثلا لرئيس الجمهورية عبد المجيد تبون، للمشاركة في أعمال قمة مجموعة الـ20 المقرر عقدها خلال الفترة الممتدة من 22 إلى 23 من الشهر الجاري.,1
national,النهار أونلاين,2025-11-20 20:42:24,https://www.ennaharonline.com/%d8%b3%d8%a7%d9%8a%d8%ad%d9%8a-%d9%8a%d9%83%d8%b4%d9%81-%d8%ac%d8%af%d9%8a%d8%af-%d9%85%d9%86%d8%ad%d8%a9-%d8%a7%d9%84%d8%a8%d8%b7%d8%a7%d9%84%d8%a9-%d9%88%d8%a7%d9%84%d8%aa%d9%82%d8%a7%d8%b9%d8%af/,سايحي يكشف جديد منحة البطالة والتقاعد النسبي لمنتسبي التربية,أكد وزير العمل والضمان الاجتماعي، عبد الحق سايحي، اليوم من قبة البرلمان بالعاصمة، أن منحة البطالة تعَدُّ حماية اجتماعية لطالبي الشغل. وخلال جلسة علنية بالمجلس الشعبي الوطني خصِّصت للأسئلة الشفوية، أوضح سايحي أن منحة البطالة التي أقرّها رئيس الجمهورية، هي حماية اجتماعية لطالبي الشغل، وخاصية تبرز الطابع الاجتماعي للدولة الجزائرية. وتابع الوزير، في السياق ذاته، أنه إلى غاية تاريخ 31 اكتوبر المنصرم، استوفى ما لا يقل عن 441.223 شابًّا كل الشروط القانونية للاستفادة من منحة البطالة. كما كشف سايحي عن توظيف أكثر من 560 ألف في مؤسسات عمومية وخاصة. ومن جهة أخرى، أكد الوزير، حول دخول القانون المتعلق بالتقاعد لمنتسبي أسلاك قطاع التربية حيز التطبيق، أن المرسوم التنفيذي متواجد حاليا على مستوى الأمانة العامة للحكومة.,1
algeria,فارس شايب,2025-11-21 19:27:40,https://www.ennaharonline.com/%d8%b3%d8%b7%d9%8a%d9%81_-%d9%82%d8%aa%d9%8a%d9%84-_%d9%88%d8%ac%d8%b1%d9%8a%d8%ad-%d9%81%d9%8a-%d8%a7%d9%86%d8%ad%d8%b1%d8%a7%d9%81-%d9%88%d8%a7%d9%86%d9%82%d9%84%d8%a7%d8%a8-%d8%b3%d9%8a%d8%a7/,سطيف .. قتيل وجريح في انحراف وانقلاب سيارة,تدخلت قبيل غروب نهار اليوم فرق الحماية المدنية لوحدة عين آرنات لحادث انحراف وانقلاب سيارة سياحية على الطريق الوطني رقم75 ، طريق الموان على حدود بلدية سطيف وأوريسا. وخلف الحادث وفاة شاب في عين المكان، بلغ من العمر 18سنة وإصابة شاب آخر 19سنة دون تضرر الثاني 19سنة (حالة صدمة).وتدخلت فرق الإسعاف لإجلاء المصابين إلى إستعجالات المركز الإستشفائي الجامعي سطيف ونقل المتوفى إلى مصالح ذات المؤسسة الصحية.,1
algeria,حلالس رانية,2025-11-21 18:46:37,https://www.ennaharonline.com/%d8%aa%d9%8a%d8%b3%d9%85%d8%b3%d9%8a%d9%84%d8%aa_-%d8%ad%d8%ac%d8%b2-_%d8%a3%d9%83%d8%ab%d8%b1_-%d9%85%d9%86-142-%d9%83%d9%84%d8%ba-%d9%85%d9%86-%d9%85%d9%88%d8%a7%d8%af-%d9%81%d8%a7%d8%b3%d8%af/,تيسمسيلت..  حجز أكثر من 142 كلغ من مواد فاسدة بثنية الحد,نفّذت أعوان المفتشية الإقليمية للتجارة بثنية الحد، التابعة للمديرية الولائية للتجارة لولاية تيسمسيلت، خرجة ميدانية واسعة بالتنسيق مع الفرقة المشتركة المكونة من مصالح التجارة البيطرة والأمن الوطني. وشملت العملية عددا من المحلات التجارية عبر إقليم بلدية ثنية الحد، حيث أسفرت عن حجز أكثر من 142 كلغ من المنتجات غير الصالحة للاستهلاك، بعد التأكد من عدم مطابقتها للمعايير الصحية وتهديدها المحتمل لصحة المواطنين. وتم إتلاف كامل المحجوزات على مستوى مركز الردم التقني بالبلدية، وفقا للإجراءات القانونية والتنظيمية المعمول بها، في خطوة تعكس حرص السلطات المختصة على ضمان سلامة ما يُعرض في الأسواق وردع كل الممارسات المخالفة. وتندرج هذه العملية ضمن سلسلة من الحملات الرقابية التي تهدف إلى تكريس ثقافة احترام القوانين، وتشديد المتابعة الميدانية للأنشطة التجارية، بما يعزز الثقة ويحمي المستهلك من مختلف المخاطر الصحية.,1
algeria,م .فيصل,2025-11-21 16:42:40,https://www.ennaharonline.com/%d8%a8%d8%ac%d8%a7%d9%8a%d8%a9_-%d9%82%d8%aa%d9%8a%d9%84_-%d9%88%d8%ac%d8%b1%d9%8a%d8%ad-_%d9%81%d9%8a-%d8%a7%d8%b5%d8%b7%d8%af%d8%a7%d9%85-%d8%a8%d9%8a%d9%86-%d8%b4%d8%a7%d8%ad%d9%86%d8%aa%d9%8a/,بجاية.. قتيل وجريح في اصطدام بين شاحنتين بسيدي عيش,توفي شخص وأصيب آخر في حادث مرور وقع على مستوى الطريق الوطني رقم 26 بلدية ودائرة سيدي عيش ولاية بجاية. وحسب بيان للحماية المدنية تدخلت في حدود الساعة 15:35 من أجل حادث اصطدام بين شاحنتين بسيدي عيش. وخلف الحادث وفاة شخص تم نقله إلى مصلحة حفظ الجثث وإصابة آخر تم اسعافه ونقله إلى المستشفى المحلي.,1
algeria,نادية بن طاهر,2025-11-21 13:41:48,https://www.ennaharonline.com/%d8%aa%d8%b3%d9%85%d9%85-%d8%b4%d8%ae%d8%b5%d9%8a%d9%86-%d8%a8%d8%a7%d9%84%d8%ba%d8%a7%d8%b2-%d9%81%d9%8a-%d8%ac%d9%8a%d8%ac%d9%84-2/,تسمم شخصين بالغاز في جيجل,تدخلت مصالح الحماية المدنية، منتصف نهار اليوم الجمعة، لأجل حادث تسمم بغاز أحادي أكسيد الكربون المنبعث من مدفأة، بمسكن فردي بقرية بودكاك في جيجل. وحسب بيان للمديرية العامة للحماية المدنية، خلف الحادث، ضيق في التنفس وآلام في الراس لرجل يبلغ من العمر 53 سنة وإمرأة “52 سنة”. هذا وتم تقديم الإسعافات الأولية للضحايا، ونقلا إلى المركز الصحي المحلي. إضغط على الصورة لتحميل تطبيق النهار للإطلاع على كل الآخبار على البلاي ستور,1
algeria,نادية بن طاهر,2025-11-21 13:37:04,https://www.ennaharonline.com/4-%d8%b6%d8%ad%d8%a7%d9%8a%d8%a7-%d8%a5%d8%ab%d8%b1-%d8%b3%d9%82%d9%88%d8%b7-%d8%b3%d9%8a%d8%a7%d8%b1%d8%a9-%d9%85%d9%86-%d9%81%d9%88%d9%82-%d8%ac%d8%b3%d8%b1-%d8%a8%d8%b3%d9%8a%d8%af%d9%8a-%d8%a8/,4 ضحايا إثر سقوط سيارة من فوق جسر بسيدي بلعباس,تدخلت مصالح الحماية المدنية، منتصف نهار اليوم الجمعة، من أجل حادث انحراف سيارة وسقوطها من فوق جسر، بولاية سيدي بلعباس. وحسب بيان للمديرية العامة للحماية المدنية، سقطت سيارة، من فوق جسر بعلو 4 أمتار، بالطريق الوطني رقم 95 ببلدية بوخنيفيس. وخلف الحادث إصابة 4 أشخاص، تم إسعافهم ونقلهم إلى المستشفى المحلي. إضغط على الصورة لتحميل تطبيق النهار للإطلاع على كل الآخبار على البلاي ستور,1
algeria,نادية بن طاهر,2025-11-21 13:06:22,https://www.ennaharonline.com/%d8%a5%d8%ae%d8%b1%d8%a7%d8%ac-%d8%b3%d9%8a%d8%a7%d8%b1%d8%a9-%d9%88%d8%ad%d8%a7%d9%81%d9%84%d8%a9-%d8%b9%d8%a7%d9%84%d9%82%d8%aa%d9%8a%d9%86-%d9%81%d9%8a-%d8%a7%d9%84%d8%ab%d9%84%d9%88%d8%ac-%d9%88/,إخراج سيارة وحافلة عالقتين في الثلوج وإنقاذ 21 شخصاً,كشفت المديرية العامة للحماية المدنية، عن الحالة العامة إثر التقلبات الجوية، اليوم الجمعة، إلى غاية الساعة الواحدة زوالا. وحسب يان للمديرية، تم بولاية تيزي وزو، إخراج سيارة وحافلة عالقتين في الثلوج وعلى متنهما 21 شخصاً، بسبب تراكم الثلوج على الطريق الوطني رقم 30 فج تيزي كولال. وفي ولايـة الطارف، تم ببلدية القالة، امتصاص مياه الأمطار المتراكمة بحي الفرنانة. كما تم في تيبازة، امتصاص مياه الأمطار المتراكمة، بحي 40 مسكن، ببلدية الحطاطبة. إضغط على الصورة لتحميل تطبيق النهار للإطلاع على كل الآخبار على البلاي ستور,1
algeria,نادية بن طاهر,2025-11-21 10:59:06,https://www.ennaharonline.com/%d8%a7%d9%84%d8%af%d8%b1%d9%83-%d9%8a%d9%8f%d8%ad%d8%b0%d8%b1-%d8%ab%d9%84%d9%88%d8%ac-%d9%88%d8%ac%d9%84%d9%8a%d8%af-%d8%a8%d9%87%d8%b0%d9%87-%d8%a7%d9%84%d8%b7%d8%b1%d9%82%d8%a7%d8%aa/,الدرك يُحذر.. ثلوج وجليد بهذه الطرقات,حذرت مصالح الدرك الوطني، المواطنين، من تواجد ضباب وثلوج وجليد، على عدة طرقات بولايتي البويرة وتيزي وزو. وحسب بيان لصفحة طريقي التابعة للدرك الوطني، فإن اليقظة مطلوبة بالطريق الوطني رقم 30 بالمكان المسمى تيزي نكولان، في تيزي وزو، بسبب وجود ضباب كثيف بالإضافة إلى ثلوج وجليد. وتتواجد وحدات الدرك الوطني، بعين المكان لتنبيه مستعملي الطريق وتقديم يد المساعدة. ودعت السائقين، لأخذ الحيطة والحذر مع تخفيض السرعة. وفي ولاية البويرة، اليقظة مطلوبة بالطريق الوطني رقم 33 الرابط بين ولايتي البويرة وتيزي وزو بمنطقة تيكجدة، بسبب وجود الثلوج على حواف الطريق. وتتواجد وحدات الدرك الوطني، بعين المكان، ودعت السائقين، إلى السياقة بحذر تخفيض السرعة. إضغط على الصورة لتحميل تطبيق النهار للإطلاع على كل الآخبار على البلاي ستور,1
algeria,نادية بن طاهر,2025-11-21 09:49:40,https://www.ennaharonline.com/%d8%ba%d9%84%d9%82-%d9%86%d9%81%d9%82-%d8%a8%d9%88%d8%b2%d9%82%d8%b2%d8%a9-%d8%a5%d8%aa%d8%ac%d8%a7%d9%87-%d8%a7%d9%84%d8%ac%d8%b2%d8%a7%d8%a6%d8%b1-%d8%a8%d8%b3%d8%a8%d8%a8-%d8%ad%d8%a7%d8%af%d8%ab/,غلق نفق بوزقزة إتجاه الجزائر بسبب حادث مرور,أعلنت مصالح الدرك الوطني، عن غلق نفق بوزقزة، الرابط بين ولايتي البويرة وبومرداس، بسبب حادث مرور. وحسب ذات المصالح، تم غلق الطريق، في مخرج النفق، إتجاه الجزائر بسبب حادث في مخرج النفق. إضغط على الصورة لتحميل تطبيق النهار للإطلاع على كل الآخبار على البلاي ستور,1
algeria,نادية بن طاهر,2025-11-21 09:40:01,https://www.ennaharonline.com/%d9%88%d9%81%d8%a7%d8%a9-%d8%b4%d8%ae%d8%b5-%d9%88%d8%a5%d8%b5%d8%a7%d8%a8%d8%a9-7-%d8%a2%d8%ae%d8%b1%d9%8a%d9%86-%d9%81%d9%8a-%d8%ad%d8%a7%d8%af%d8%ab-%d8%a8%d9%85%d8%b3%d8%aa%d8%ba%d8%a7%d9%86%d9%85/,وفاة شخص وإصابة 7 آخرين في حادث بمستغانم,توفي شخص، وأصيب 7 آخرين، في حادث مرور وقع صباح اليوم الجمعة، بالطريق المزدوج رقم 60أ ببلدية عين تادلس في مستغانم. وحسب بيان للمديرية العامة للحماية المدنية، تمثل الحادث في اصطدام بين سيارتين. وخلف الحادث وفاة شخص، حيث تم نقله إلى مصلحة حفظ الجثث وإصابة 7 آخرين، تم اسعافهم ونقلهم إلى المستشفى المحلي. إضغط على الصورة لتحميل تطبيق النهار للإطلاع على كل الآخبار على البلاي ستور,1
algeria,نادية بن طاهر,2025-11-21 08:45:40,https://www.ennaharonline.com/%d8%aa%d8%b3%d9%85%d9%85-%d8%b4%d8%ae%d8%b5%d9%8a%d9%86-%d8%a8%d8%a7%d9%84%d8%ba%d8%a7%d8%b2-%d9%81%d9%8a-%d8%b3%d8%b7%d9%8a%d9%81/,تسمم شخصين بالغاز في سطيف,تعرض شخصين، للتسمم، بغاز أحادي أكسيد الكربون، بمنزلهم العائلي، الكائن بقرية شيرهم، ببلدية بني فودة في سطيف. وحسب بيان للمديرية العامة للحماية المدنية، تمثل الحادث في تسمم شخصين، بغاز أحادي أكسيد الكربون المنبعث من المدفأة. وخلف الحادث، إصابة شخصين بضيق في التنفس، يبلغان من العمر 31 و53 سنة، تم إسعافهما ونقلهما إلى المستشفى المحلي. إضغط على الصورة لتحميل تطبيق النهار للإطلاع على كل الآخبار على البلاي ستور,1
